Text,Label
Government confirms new policy reform to support small businesses nationwide,Real
Central bank announces interest rate decision following quarterly review meeting,Real
Scientists confirm water found on Mars after NASA rover analysis,Real
World Health Organization releases updated vaccination guidelines for travelers,Real
Local election officials certify results after statewide recount completed,Real
University researchers publish peer reviewed study on climate change impacts,Real
Federal reserve reports steady job growth in latest employment statistics,Real
Breaking Scientists confirm water found on Mars in latest rover mission,Real
Parliament passes bipartisan infrastructure bill after months of negotiation,Real
Health ministry reports decline in seasonal flu cases across major cities,Real
International trade agreement signed by representatives from twelve nations,Real
Supreme court upholds existing environmental protection regulations,Real
City council approves funding for public transportation expansion project,Real
National weather service issues advisory for coastal regions this weekend,Real
Education department announces scholarship program for STEM students,Real
Police department releases annual crime statistics showing overall decrease,Real
Renewable energy sector adds record number of jobs this quarter,Real
Hospital network expands telehealth services to rural communities,Real
Agriculture department forecasts stable crop yields for upcoming season,Real
Space agency schedules launch of new satellite monitoring system,Real
Finance minister presents annual budget focusing on healthcare and education,Real
Court ruling clarifies data privacy requirements for technology companies,Real
Environmental agency reports improvement in air quality in urban areas,Real
Researchers develop new method for early detection of certain diseases,Real
Transportation authority completes safety inspection of major bridge,Real
Census bureau publishes demographic data from latest national survey,Real
Labor union and management reach agreement ending week long strike,Real
Charity organization distributes aid to communities affected by flooding,Real
Museum opens exhibition featuring artifacts from ancient civilization,Real
Library system launches digital archive of historical local newspapers,Real
Scientists at research institute discover new species in deep ocean survey,Real
Government agency publishes report on cybersecurity best practices,Real
Public health officials recommend hand washing during flu season,Real
City mayor announces plan to plant ten thousand trees in urban parks,Real
National museum receives donation of rare manuscripts from private collector,Real
Engineering team completes renovation of century old public library,Real
Coast guard rescues fishermen during storm off eastern shoreline,Real
Fire department credits smoke detectors with preventing major casualties,Real
Postal service announces new delivery schedule for holiday season,Real
Aviation authority completes review of airline safety procedures,Real
Water utility reports completion of pipeline replacement in downtown area,Real
Animal shelter reports increase in pet adoptions during summer months,Real
Community college opens new campus dedicated to vocational training,Real
Regional hospital receives accreditation for cardiac care unit,Real
Metropolitan transit launches contactless payment on all bus routes,Real
State legislature approves funding for wildfire prevention programs,Real
Archaeologists uncover ruins dating back two thousand years at dig site,Real
Pharmaceutical company announces successful phase two clinical trial results,Real
Energy regulator approves plan to upgrade electrical grid infrastructure,Real
Board of education adopts revised curriculum standards for mathematics,Real
Aliens landed in New York yesterday government hiding the truth,Fake
Scientists secretly replaced the moon with a hologram says insider,Fake
Breaking miracle cure for all diseases discovered but big pharma hides it,Fake
Celebrity secretly runs the world from underground bunker in Nevada,Fake
Shocking leaked documents prove elections were controlled by robots,Fake
Doctors dont want you to know this one fruit cures cancer overnight,Fake
NASA admits Mars photos are filmed in Arizona desert conspiracy,Fake
Billions will vanish when the secret currency reset happens next week,Fake
Vaccines contain microchips that track your thoughts claim viral post,Fake
Time traveler from 2050 warns of imminent global blackout tomorrow,Fake
Government adding mind control chemicals to tap water sources nationwide,Fake
Famous actor faked death and now lives on private island as king,Fake
Breaking you wont believe what they found inside the pyramids aliens,Fake
Scientists confirm earth is flat after hidden Antarctic wall discovery,Fake
One weird trick makes you lose fifty pounds while sleeping experts hate,Fake
Politicians are actually lizard people disguised as humans leaked video,Fake
Your phone is listening even when off and selling secrets to advertisers,Fake
Shocking truth banks will confiscate all savings on hidden deadline,Fake
Meteor made of gold heading to earth will make everyone rich overnight,Fake
Secret society controls weather using satellites over the north pole,Fake
Do not eat bananas government spraying them with population control drugs,Fake
Celebrity marriage was fake contract to distract from major scandal,Fake
Ancient tablet predicts exact date of world ending next month,Fake
Free energy machine suppressed for decades finally revealed online,Fake
Breaking miracle weight loss pill banned because it works too well,Fake
Schools teaching children to worship artificial intelligence secretly,Fake
Hidden camera footage shows supermarket meat is actually synthetic,Fake
You are being replaced by a clone while you sleep says whistleblower,Fake
Shocking study proves drinking only soda makes you live longer,Fake
Government planning to ban all private gardens to control food supply,Fake
Aliens contacted world leaders and demanded pizza as tribute,Fake
Secret ingredient in coffee makes people vote a certain way,Fake
Breaking scientists confirm cats can speak but choose not to,Fake
New law will require everyone to trade cars for bicycles by Friday,Fake
Hidden message in popular song predicts stock market crash tonight,Fake
Doctors replaced by robots that prescribe candy as medicine everywhere,Fake
Shocking leaked email proves moon landing was filmed in basement,Fake
One household spice destroys all viruses instantly doctors silent,Fake
Celebrity announced president in secret ceremony never reported,Fake
Your shadow contains government tracking device activated at birth,Fake
Breaking water turns to wine in small town miracle or conspiracy,Fake
Secret tunnel network connects every capital city for elite travel,Fake
Scientists admit gravity is fake and birds are actually drones,Fake
Viral post claims sleeping with phone under pillow grants superpowers,Fake
Hidden camera in toothbrush sends dental records to foreign agents,Fake
Breaking all banks closing accounts without notice this weekend,Fake
Miracle plant grows gold coins in backyard gardener refuses to sell,Fake
Government replacing streetlights with mind reading surveillance lamps,Fake
Shocking truth toothpaste contains ingredient that controls dreams,Fake
Celebrity secretly invented internet and never told anyone until now,Fake
Government officially confirms new policy reform to support small businesses nationwide,Real
Central bank announces interest rate decision following quarterly review meeting,Real
Scientists confirm water found on Mars after NASA rover analysis,Real
World Health Organization releases updated vaccination guidelines for travelers,Real
Local election officials certify results after statewide recount completed,Real
University researchers publish peer reviewed study on climate change impacts,Real
Federal reserve reports steady job growth in latest employment statistics,Real
Breaking Scientists confirm water found on Mars in latest rover mission,Real
Parliament passes bipartisan infrastructure bill after months of negotiation,Real
Health ministry reports decline in seasonal flu cases across major cities,Real
International trade agreement signed by representatives from twelve nations,Real
Supreme court upholds existing environmental protection regulations,Real
City council approves funding for public transportation expansion project,Real
National weather service issues advisory for coastal regions this weekend,Real
Education department announces scholarship program for STEM students,Real
Police department releases annual crime statistics showing overall decrease,Real
Renewable energy sector adds record number of jobs this quarter,Real
Hospital network expands telehealth services to rural communities,Real
Agriculture department forecasts stable crop yields for upcoming season,Real
Space agency schedules launch of new satellite monitoring system,Real
Finance minister presents annual budget focusing on healthcare and education,Real
Court ruling clarifies data privacy requirements for technology companies,Real
Environmental agency reports improvement in air quality in urban areas,Real
Researchers develop new method for early detection of certain diseases,Real
Transportation authority completes safety inspection of major bridge,Real
Aliens landed in New York yesterday government hiding the truth,Fake
Scientists secretly replaced the moon with a hologram says insider,Fake
URGENT Breaking miracle cure for all diseases discovered but big pharma hides it,Fake
Celebrity secretly runs the world from underground bunker in Nevada,Fake
Shocking leaked documents prove elections were controlled by robots,Fake
Doctors dont want you to know this one fruit cures cancer overnight,Fake
NASA admits Mars photos are filmed in Arizona desert conspiracy,Fake
Billions will vanish when the secret currency reset happens next week,Fake
Vaccines contain microchips that track your thoughts claim viral post,Fake
Time traveler from 2050 warns of imminent global blackout tomorrow,Fake
Government adding mind control chemicals to tap water sources nationwide,Fake
Famous actor faked death and now lives on private island as king,Fake
URGENT Breaking you wont believe what they found inside the pyramids aliens,Fake
Scientists confirm earth is flat after hidden Antarctic wall discovery,Fake
One weird trick makes you lose fifty pounds while sleeping experts hate,Fake
Politicians are actually lizard people disguised as humans leaked video,Fake
Your phone is listening even when off and selling secrets to advertisers,Fake
Shocking truth banks will confiscate all savings on hidden deadline,Fake
Meteor made of gold heading to earth will make everyone rich overnight,Fake
Secret society controls weather using satellites over the north pole,Fake
Do not eat bananas government spraying them with population control drugs,Fake
Celebrity marriage was fake contract to distract from major scandal,Fake
Ancient tablet predicts exact date of world ending next month,Fake
Free energy machine suppressed for decades finally revealed online,Fake
URGENT Breaking miracle weight loss pill banned because it works too well,Fake
In a comprehensive report released today the national statistics office documented steady economic growth across multiple sectors including manufacturing services and technology The findings were based on surveys conducted over twelve months and reviewed by independent economists who noted that inflation remained within target ranges while employment indicators showed consistent improvement in both urban and rural labor markets officials emphasized that the data should be interpreted alongside global trade conditions,Real
Researchers at a leading university published results from a multi year study examining the effects of reduced emissions policies on regional air quality The peer reviewed paper analyzed satellite measurements ground sensors and health records concluding that coordinated policy action correlated with measurable improvements in particulate levels study authors cautioned that continued monitoring is necessary and called for expanded public access to environmental datasets,Real
In a comprehensive report released today the national statistics office documented steady economic growth across multiple sectors including manufacturing services and technology The findings were based on surveys conducted over twelve months and reviewed by independent economists who noted that inflation remained within target ranges while employment indicators showed consistent improvement in both urban and rural labor markets officials emphasized that the data should be interpreted alongside global trade conditions,Real
Researchers at a leading university published results from a multi year study examining the effects of reduced emissions policies on regional air quality The peer reviewed paper analyzed satellite measurements ground sensors and health records concluding that coordinated policy action correlated with measurable improvements in particulate levels study authors cautioned that continued monitoring is necessary and called for expanded public access to environmental datasets,Real
In a comprehensive report released today the national statistics office documented steady economic growth across multiple sectors including manufacturing services and technology The findings were based on surveys conducted over twelve months and reviewed by independent economists who noted that inflation remained within target ranges while employment indicators showed consistent improvement in both urban and rural labor markets officials emphasized that the data should be interpreted alongside global trade conditions,Real
Researchers at a leading university published results from a multi year study examining the effects of reduced emissions policies on regional air quality The peer reviewed paper analyzed satellite measurements ground sensors and health records concluding that coordinated policy action correlated with measurable improvements in particulate levels study authors cautioned that continued monitoring is necessary and called for expanded public access to environmental datasets,Real
In a comprehensive report released today the national statistics office documented steady economic growth across multiple sectors including manufacturing services and technology The findings were based on surveys conducted over twelve months and reviewed by independent economists who noted that inflation remained within target ranges while employment indicators showed consistent improvement in both urban and rural labor markets officials emphasized that the data should be interpreted alongside global trade conditions,Real
Researchers at a leading university published results from a multi year study examining the effects of reduced emissions policies on regional air quality The peer reviewed paper analyzed satellite measurements ground sensors and health records concluding that coordinated policy action correlated with measurable improvements in particulate levels study authors cautioned that continued monitoring is necessary and called for expanded public access to environmental datasets,Real
In a comprehensive report released today the national statistics office documented steady economic growth across multiple sectors including manufacturing services and technology The findings were based on surveys conducted over twelve months and reviewed by independent economists who noted that inflation remained within target ranges while employment indicators showed consistent improvement in both urban and rural labor markets officials emphasized that the data should be interpreted alongside global trade conditions,Real
Researchers at a leading university published results from a multi year study examining the effects of reduced emissions policies on regional air quality The peer reviewed paper analyzed satellite measurements ground sensors and health records concluding that coordinated policy action correlated with measurable improvements in particulate levels study authors cautioned that continued monitoring is necessary and called for expanded public access to environmental datasets,Real
In a comprehensive report released today the national statistics office documented steady economic growth across multiple sectors including manufacturing services and technology The findings were based on surveys conducted over twelve months and reviewed by independent economists who noted that inflation remained within target ranges while employment indicators showed consistent improvement in both urban and rural labor markets officials emphasized that the data should be interpreted alongside global trade conditions,Real
Researchers at a leading university published results from a multi year study examining the effects of reduced emissions policies on regional air quality The peer reviewed paper analyzed satellite measurements ground sensors and health records concluding that coordinated policy action correlated with measurable improvements in particulate levels study authors cautioned that continued monitoring is necessary and called for expanded public access to environmental datasets,Real
In a comprehensive report released today the national statistics office documented steady economic growth across multiple sectors including manufacturing services and technology The findings were based on surveys conducted over twelve months and reviewed by independent economists who noted that inflation remained within target ranges while employment indicators showed consistent improvement in both urban and rural labor markets officials emphasized that the data should be interpreted alongside global trade conditions,Real
Researchers at a leading university published results from a multi year study examining the effects of reduced emissions policies on regional air quality The peer reviewed paper analyzed satellite measurements ground sensors and health records concluding that coordinated policy action correlated with measurable improvements in particulate levels study authors cautioned that continued monitoring is necessary and called for expanded public access to environmental datasets,Real
In a comprehensive report released today the national statistics office documented steady economic growth across multiple sectors including manufacturing services and technology The findings were based on surveys conducted over twelve months and reviewed by independent economists who noted that inflation remained within target ranges while employment indicators showed consistent improvement in both urban and rural labor markets officials emphasized that the data should be interpreted alongside global trade conditions,Real
Researchers at a leading university published results from a multi year study examining the effects of reduced emissions policies on regional air quality The peer reviewed paper analyzed satellite measurements ground sensors and health records concluding that coordinated policy action correlated with measurable improvements in particulate levels study authors cautioned that continued monitoring is necessary and called for expanded public access to environmental datasets,Real
In a comprehensive report released today the national statistics office documented steady economic growth across multiple sectors including manufacturing services and technology The findings were based on surveys conducted over twelve months and reviewed by independent economists who noted that inflation remained within target ranges while employment indicators showed consistent improvement in both urban and rural labor markets officials emphasized that the data should be interpreted alongside global trade conditions,Real
Researchers at a leading university published results from a multi year study examining the effects of reduced emissions policies on regional air quality The peer reviewed paper analyzed satellite measurements ground sensors and health records concluding that coordinated policy action correlated with measurable improvements in particulate levels study authors cautioned that continued monitoring is necessary and called for expanded public access to environmental datasets,Real
In a comprehensive report released today the national statistics office documented steady economic growth across multiple sectors including manufacturing services and technology The findings were based on surveys conducted over twelve months and reviewed by independent economists who noted that inflation remained within target ranges while employment indicators showed consistent improvement in both urban and rural labor markets officials emphasized that the data should be interpreted alongside global trade conditions,Real
Researchers at a leading university published results from a multi year study examining the effects of reduced emissions policies on regional air quality The peer reviewed paper analyzed satellite measurements ground sensors and health records concluding that coordinated policy action correlated with measurable improvements in particulate levels study authors cautioned that continued monitoring is necessary and called for expanded public access to environmental datasets,Real
An anonymous insider claiming to work at a major research facility posted a sensational story online alleging that scientists have been hiding evidence of extraterrestrial contact for decades The unverified post spread rapidly on social media despite no official statements corroborating the claims experts warned that such viral content often lacks credible sourcing and urged readers to verify information through established news organizations before sharing,Fake
Shocking viral message warns that a secret global reset will delete all bank accounts unless citizens transfer savings to a newly discovered cryptocurrency promoted by an unknown influencer Financial regulators issued statements clarifying that no such policy exists and reminded the public that unsolicited investment schemes frequently target vulnerable audiences with exaggerated promises of overnight wealth,Fake
An anonymous insider claiming to work at a major research facility posted a sensational story online alleging that scientists have been hiding evidence of extraterrestrial contact for decades The unverified post spread rapidly on social media despite no official statements corroborating the claims experts warned that such viral content often lacks credible sourcing and urged readers to verify information through established news organizations before sharing,Fake
Shocking viral message warns that a secret global reset will delete all bank accounts unless citizens transfer savings to a newly discovered cryptocurrency promoted by an unknown influencer Financial regulators issued statements clarifying that no such policy exists and reminded the public that unsolicited investment schemes frequently target vulnerable audiences with exaggerated promises of overnight wealth,Fake
An anonymous insider claiming to work at a major research facility posted a sensational story online alleging that scientists have been hiding evidence of extraterrestrial contact for decades The unverified post spread rapidly on social media despite no official statements corroborating the claims experts warned that such viral content often lacks credible sourcing and urged readers to verify information through established news organizations before sharing,Fake
Shocking viral message warns that a secret global reset will delete all bank accounts unless citizens transfer savings to a newly discovered cryptocurrency promoted by an unknown influencer Financial regulators issued statements clarifying that no such policy exists and reminded the public that unsolicited investment schemes frequently target vulnerable audiences with exaggerated promises of overnight wealth,Fake
An anonymous insider claiming to work at a major research facility posted a sensational story online alleging that scientists have been hiding evidence of extraterrestrial contact for decades The unverified post spread rapidly on social media despite no official statements corroborating the claims experts warned that such viral content often lacks credible sourcing and urged readers to verify information through established news organizations before sharing,Fake
Shocking viral message warns that a secret global reset will delete all bank accounts unless citizens transfer savings to a newly discovered cryptocurrency promoted by an unknown influencer Financial regulators issued statements clarifying that no such policy exists and reminded the public that unsolicited investment schemes frequently target vulnerable audiences with exaggerated promises of overnight wealth,Fake
An anonymous insider claiming to work at a major research facility posted a sensational story online alleging that scientists have been hiding evidence of extraterrestrial contact for decades The unverified post spread rapidly on social media despite no official statements corroborating the claims experts warned that such viral content often lacks credible sourcing and urged readers to verify information through established news organizations before sharing,Fake
Shocking viral message warns that a secret global reset will delete all bank accounts unless citizens transfer savings to a newly discovered cryptocurrency promoted by an unknown influencer Financial regulators issued statements clarifying that no such policy exists and reminded the public that unsolicited investment schemes frequently target vulnerable audiences with exaggerated promises of overnight wealth,Fake
An anonymous insider claiming to work at a major research facility posted a sensational story online alleging that scientists have been hiding evidence of extraterrestrial contact for decades The unverified post spread rapidly on social media despite no official statements corroborating the claims experts warned that such viral content often lacks credible sourcing and urged readers to verify information through established news organizations before sharing,Fake
Shocking viral message warns that a secret global reset will delete all bank accounts unless citizens transfer savings to a newly discovered cryptocurrency promoted by an unknown influencer Financial regulators issued statements clarifying that no such policy exists and reminded the public that unsolicited investment schemes frequently target vulnerable audiences with exaggerated promises of overnight wealth,Fake
An anonymous insider claiming to work at a major research facility posted a sensational story online alleging that scientists have been hiding evidence of extraterrestrial contact for decades The unverified post spread rapidly on social media despite no official statements corroborating the claims experts warned that such viral content often lacks credible sourcing and urged readers to verify information through established news organizations before sharing,Fake
Shocking viral message warns that a secret global reset will delete all bank accounts unless citizens transfer savings to a newly discovered cryptocurrency promoted by an unknown influencer Financial regulators issued statements clarifying that no such policy exists and reminded the public that unsolicited investment schemes frequently target vulnerable audiences with exaggerated promises of overnight wealth,Fake
An anonymous insider claiming to work at a major research facility posted a sensational story online alleging that scientists have been hiding evidence of extraterrestrial contact for decades The unverified post spread rapidly on social media despite no official statements corroborating the claims experts warned that such viral content often lacks credible sourcing and urged readers to verify information through established news organizations before sharing,Fake
Shocking viral message warns that a secret global reset will delete all bank accounts unless citizens transfer savings to a newly discovered cryptocurrency promoted by an unknown influencer Financial regulators issued statements clarifying that no such policy exists and reminded the public that unsolicited investment schemes frequently target vulnerable audiences with exaggerated promises of overnight wealth,Fake
An anonymous insider claiming to work at a major research facility posted a sensational story online alleging that scientists have been hiding evidence of extraterrestrial contact for decades The unverified post spread rapidly on social media despite no official statements corroborating the claims experts warned that such viral content often lacks credible sourcing and urged readers to verify information through established news organizations before sharing,Fake
Shocking viral message warns that a secret global reset will delete all bank accounts unless citizens transfer savings to a newly discovered cryptocurrency promoted by an unknown influencer Financial regulators issued statements clarifying that no such policy exists and reminded the public that unsolicited investment schemes frequently target vulnerable audiences with exaggerated promises of overnight wealth,Fake
An anonymous insider claiming to work at a major research facility posted a sensational story online alleging that scientists have been hiding evidence of extraterrestrial contact for decades The unverified post spread rapidly on social media despite no official statements corroborating the claims experts warned that such viral content often lacks credible sourcing and urged readers to verify information through established news organizations before sharing,Fake
Shocking viral message warns that a secret global reset will delete all bank accounts unless citizens transfer savings to a newly discovered cryptocurrency promoted by an unknown influencer Financial regulators issued statements clarifying that no such policy exists and reminded the public that unsolicited investment schemes frequently target vulnerable audiences with exaggerated promises of overnight wealth,Fake
!!! GOVT confirms NEW policy reform !!! #news,Real
OMG aliens landed in NYC yesterday 😱😱 share before deleted,Fake
Scientists confirm water on Mars - official NASA statement,Real
YOU WONT BELIEVE what they found on Mars click here now,Fake
!!! GOVT confirms NEW policy reform !!! #news,Real
OMG aliens landed in NYC yesterday 😱😱 share before deleted,Fake
Scientists confirm water on Mars - official NASA statement,Real
YOU WONT BELIEVE what they found on Mars click here now,Fake
!!! GOVT confirms NEW policy reform !!! #news,Real
OMG aliens landed in NYC yesterday 😱😱 share before deleted,Fake
Scientists confirm water on Mars - official NASA statement,Real
YOU WONT BELIEVE what they found on Mars click here now,Fake
!!! GOVT confirms NEW policy reform !!! #news,Real
OMG aliens landed in NYC yesterday 😱😱 share before deleted,Fake
Scientists confirm water on Mars - official NASA statement,Real
YOU WONT BELIEVE what they found on Mars click here now,Fake
!!! GOVT confirms NEW policy reform !!! #news,Real
OMG aliens landed in NYC yesterday 😱😱 share before deleted,Fake
Scientists confirm water on Mars - official NASA statement,Real
YOU WONT BELIEVE what they found on Mars click here now,Fake
